,APINO,60_Interpol_OIL,90_Interpol_OIL,180_Interpol_OIL,365_Interpol_OIL,730_Interpol_OIL,60_Interpol_GAS,90_Interpol_GAS,180_Interpol_GAS,365_Interpol_GAS,730_Interpol_GAS,60_Interpol_WATER,90_Interpol_WATER,180_Interpol_WATER,365_Interpol_WATER,730_Interpol_WATER
0,49005218910000,12651,18957,33038,49331,88154,17115,25906,47016,75781,143294,220079,333098,662684,1123814,2142510
1,49005220590000,3162,4619,8317,12781,17277,3668,5471,9874,15860,22445,90783,132176,268567,444137,651132
2,49005224710000,0,0,0,0,0,0,0,0,0,0,0,0,0,0,0
3,49005225560000,824,1199,2228,4488,7367,1024,1573,3008,6436,10451,84264,122341,260516,511574,959374
4,49005225790000,0,0,0,0,133,0,0,0,0,1358,0,0,0,0,257
5,49005262230000,829,1060,1398,1720,1940,16498,21204,30914,45777,61121,2,3,6,12,22
6,49005262750000,5040,7459,14340,28465,56335,5760,9176,21442,46751,96685,0,0,0,0,0
7,49005278070000,0,0,0,108016,180621,0,0,0,22443,73324,0,0,0,103,336
8,49005280480000,5934,9336,17124,32568,71965,2477,4199,6924,15408,23898,0,0,0,0,26
9,49005282440000,4886,7295,14591,29588,59832,1527,2270,4540,9207,20053,-61,0,0,0,0
10,49005291080000,8227,12341,24683,50052,107958,1518,2277,4554,9236,19275,0,0,0,0,0
11,49005320490000,422,633,1266,2567,6194,312,468,936,1898,5141,0,0,0,0,0
12,49005320500000,750,1125,2250,12373,48971,310,465,930,6955,29634,10,15,30,135,500
13,49005325460000,5692,8538,17077,34629,71651,990,1485,2970,6022,14093,0,0,0,0,0
14,49005327860000,2520,3462,5414,9293,15892,65750,96671,184039,362809,642314,490,661,975,1590,2664
15,49005375190000,4853,7280,14560,23790,40069,91986,137980,275960,565845,1139893,346,520,1040,2022,3933
16,49005566360000,0,0,0,0,0,0,0,0,0,0,0,0,0,0,0
17,49005608890000,0,0,0,0,0,0,0,0,0,0,0,0,0,0,0
18,49005608930000,0,0,16601,46795,88609,0,0,126355,391071,904856,0,0,153,1258,12769
19,49005610150000,0,0,0,0,0,0,0,0,0,0,0,0,0,0,0
20,49005610860000,0,0,0,0,10334,0,0,0,0,7062,0,0,0,0,18494
21,49005611640000,0,0,0,0,0,0,0,0,0,0,0,0,0,0,0
22,49005611720000,0,0,0,0,0,0,0,0,0,0,0,0,0,0,0
23,49005611740000,0,0,0,33786,93510,0,0,0,272215,812685,0,0,0,521,7329
24,49005612010000,0,0,0,0,0,0,0,0,0,0,0,0,0,0,0
25,49005612030000,0,0,0,0,34495,0,0,0,0,351687,0,0,0,0,5098
26,49005612060000,0,0,0,0,0,0,0,0,0,0,0,0,0,0,0
27,49005612280000,0,0,0,0,25211,0,0,0,0,201559,0,0,0,0,952
28,49005612310000,0,0,0,0,0,0,0,0,0,0,0,0,0,0,0
29,49005613090000,0,0,0,0,42791,0,0,0,0,395568,0,0,0,0,801
30,49005613100000,0,0,0,0,0,0,0,0,0,0,0,0,0,0,0
31,49005613140000,0,0,0,0,0,0,0,0,0,0,0,0,0,0,0
32,49005613150000,0,0,18311,57744,111651,0,0,117565,394449,894586,0,0,378,2084,12550
33,49005613190000,676,1015,2030,4116,10292,873,1310,2620,5312,12180,21940,32910,65820,133468,269526
34,49005613220000,0,0,0,0,0,0,0,0,0,0,0,0,0,0,0
35,49005613240000,0,0,0,0,0,0,0,0,0,0,0,0,0,0,0
36,49005613280000,0,0,0,0,0,0,0,0,0,0,0,0,0,0,0
37,49005613300000,0,0,0,0,0,0,0,0,0,0,0,0,0,0,0
38,49005613310000,0,0,24830,46649,67287,0,0,35443,91596,166353,0,0,30467,51458,80364
39,49005613450000,0,0,0,0,0,0,0,0,0,0,0,0,0,0,0
40,49005614000000,0,0,0,5962,30948,0,0,0,3385,20493,0,0,0,5924,16911
41,49005614030000,0,0,0,0,0,0,0,0,0,0,0,0,0,0,0
42,49005614040000,0,0,0,0,0,0,0,0,0,0,0,0,0,0,0
43,49005614470000,0,0,0,0,13877,0,0,0,0,269194,0,0,0,0,3155
44,49005614630000,0,0,0,0,0,0,0,0,0,0,0,0,0,0,0
45,49005614830000,0,0,0,0,0,0,0,0,0,0,0,0,0,0,0
46,49005615080000,7724,11058,18324,32384,48674,103020,154027,268241,530682,941092,1048,1524,2360,6100,14953
47,49005615580000,6541,11897,27419,36189,36189,1075,1382,2250,2911,2911,55,1019,2334,3174,3174
48,49005615720000,21348,32022,64044,129867,259734,18624,27936,55872,113296,226592,7234,10851,21702,44006,88013
49,49005615730000,0,0,0,8563,32643,0,0,0,2093,9478,0,0,0,16179,20460
50,49005615750000,0,0,0,0,0,0,0,0,0,0,0,0,0,0,0
51,49005615780000,0,0,0,0,27238,0,0,0,0,9937,0,0,0,0,18854
52,49005615790000,0,0,0,0,0,0,0,0,0,0,0,0,0,0,0
53,49005615800000,0,0,0,27456,79231,0,0,0,11324,34878,0,0,0,19082,26331
54,49005615820000,0,0,0,0,0,0,0,0,0,0,0,0,0,0,0
55,49005615840000,2207,3368,5654,8227,8459,2043,3129,5474,8117,8377,13210,19359,24816,28529,28711
56,49005615850000,36627,54940,109881,222814,445628,15186,22779,45558,92381,184763,22563,33844,67689,137258,274516
57,49005615870000,20744,31285,49339,77455,105949,17741,28702,43319,67476,105310,16138,21500,25571,31290,47185
58,49005615940000,19097,27695,48592,82726,120282,8367,11996,21918,46884,69185,15993,17256,19465,23191,31991
59,49005616110000,0,0,0,0,0,0,0,0,0,0,0,0,0,0,0
60,49005616150000,0,0,20818,46302,71312,0,0,2875,7746,11097,0,0,15491,29455,41042
61,49005616190000,4626,6834,13668,27716,55432,905,1344,2688,5451,10902,9575,13967,27934,56645,113291
62,49005616230000,5542,8088,16176,32802,65605,3301,4862,9725,19721,39443,5460,7940,15880,32202,64404
63,49005616240000,0,0,0,0,0,0,0,0,0,0,0,0,0,0,0
64,49005616460000,0,0,0,0,0,0,0,0,0,0,0,0,0,0,0
65,49005616480000,0,0,0,0,0,0,0,0,0,0,0,0,0,0,0
66,49005616520000,0,0,0,0,0,0,0,0,0,0,0,0,0,0,0
67,49005616530000,0,0,0,0,0,0,0,0,0,0,0,0,0,0,0
68,49005616550000,0,0,0,0,0,0,0,0,0,0,0,0,0,0,0
69,49005616560000,0,0,0,0,0,0,0,0,0,0,0,0,0,0,0
70,49005616610000,5607,8411,16822,34112,68224,5370,8055,16110,32667,65335,11762,17643,35287,71555,143110
71,49005616720000,0,0,0,0,0,0,0,0,0,0,0,0,0,0,0
72,49005616990000,0,0,0,0,0,0,0,0,0,0,0,0,0,0,0
73,49005617020000,0,0,0,0,0,0,0,0,0,0,0,0,0,0,0
74,49005617030000,0,0,0,0,0,0,0,0,0,0,0,0,0,0,0
75,49005617060000,0,0,0,0,0,0,0,0,0,0,0,0,0,0,0
76,49005617080000,6182,7509,16168,26289,37594,4822,5017,12722,27670,40461,23437,23883,48529,82526,132497
77,49005617130000,28235,42353,84706,171765,343648,5948,8922,17844,36184,75540,60793,91190,182380,369827,679080
78,49005617150000,25778,38667,77334,156817,296541,6400,9601,19202,38938,76227,52393,78590,157180,318727,590824
79,49005617200000,0,0,0,0,0,0,0,0,0,0,0,0,0,0,0
80,49005617250000,0,0,0,0,0,0,0,0,0,0,0,0,0,0,0
81,49005617320000,0,0,0,0,0,0,0,0,0,0,0,0,0,0,0
82,49005617330000,0,0,0,0,0,0,0,0,0,0,0,0,0,0,0
83,49005617350000,0,0,0,0,0,0,0,0,0,0,0,0,0,0,0
84,49005617450000,0,0,0,0,0,0,0,0,0,0,0,0,0,0,0
85,49005617470000,0,0,0,0,0,0,0,0,0,0,0,0,0,0,0
86,49005617480000,0,0,0,0,0,0,0,0,0,0,0,0,0,0,0
87,49005617490000,0,0,0,0,0,0,0,0,0,0,0,0,0,0,0
88,49005617580000,0,0,0,0,0,0,0,0,0,0,0,0,0,0,0
89,49005617600000,0,0,14123,28876,44203,0,0,205758,218312,224830,0,0,7919,14799,22419
90,49005617630000,0,0,0,0,0,0,0,0,0,0,0,0,0,0,0
91,49005617680000,0,0,0,0,0,0,0,0,0,0,0,0,0,0,0
92,49005617690000,0,0,0,0,0,0,0,0,0,0,0,0,0,0,0
93,49005617700000,0,0,0,0,0,0,0,0,0,0,0,0,0,0,0
94,49005617850000,0,0,0,0,0,0,0,0,0,0,0,0,0,0,0
95,49005617890000,0,0,0,0,0,0,0,0,0,0,0,0,0,0,0
96,49005617990000,0,0,0,0,0,0,0,0,0,0,0,0,0,0,0
97,49005618010000,0,0,0,0,0,0,0,0,0,0,0,0,0,0,0
98,49005618060000,0,0,0,0,0,0,0,0,0,0,0,0,0,0,0
99,49005618080000,0,0,0,0,222216,0,0,0,0,531718,0,0,0,0,175826
100,49005618160000,0,0,0,0,0,0,0,0,0,0,0,0,0,0,0
101,49005618260000,0,0,0,0,0,0,0,0,0,0,0,0,0,0,0
102,49005618270000,0,0,0,0,0,0,0,0,0,0,0,0,0,0,0
103,49005618320000,0,0,0,0,0,0,0,0,0,0,0,0,0,0,0
104,49005618340000,0,0,0,0,0,0,0,0,0,0,0,0,0,0,0
105,49005618350000,0,0,0,0,0,0,0,0,0,0,0,0,0,0,0
106,49005618390000,0,0,0,0,0,0,0,0,0,0,0,0,0,0,0
107,49005618400000,0,0,0,0,0,0,0,0,0,0,0,0,0,0,0
108,49005618410000,0,0,0,0,0,0,0,0,0,0,0,0,0,0,0
109,49005618420000,0,0,0,0,0,0,0,0,0,0,0,0,0,0,0
110,49005618440000,0,0,0,0,0,0,0,0,0,0,0,0,0,0,0
111,49005618450000,0,0,0,0,0,0,0,0,0,0,0,0,0,0,0
112,49005618460000,0,0,0,0,0,0,0,0,0,0,0,0,0,0,0
113,49005618510000,0,0,0,0,0,0,0,0,0,0,0,0,0,0,0
114,49005618520000,0,0,0,0,0,0,0,0,0,0,0,0,0,0,0
115,49005618780000,0,0,0,0,0,0,0,0,0,0,0,0,0,0,0
116,49005619100000,20970,36209,112830,271725,585221,4620,7944,24510,58861,126633,48240,68252,101586,168899,301707
117,49005619110000,3060,4590,31372,99460,233795,810,1215,21195,73288,176066,64200,96300,155704,256143,454308
118,49005619120000,0,0,0,0,0,0,0,0,0,0,0,0,0,0,0
119,49005619130000,0,0,0,0,0,0,0,0,0,0,0,0,0,0,0
120,49005619140000,0,0,0,0,0,0,0,0,0,0,0,0,0,0,0
121,49005619150000,0,0,0,0,0,0,0,0,0,0,0,0,0,0,0
122,49005619170000,0,0,0,0,0,0,0,0,0,0,0,0,0,0,0
123,49005619190000,0,0,0,0,0,0,0,0,0,0,0,0,0,0,0
124,49005619260000,68259,99177,198354,402218,804436,64918,94317,188634,382508,765016,55414,80547,161094,326663,653326
125,49005619300000,0,0,0,0,0,0,0,0,0,0,0,0,0,0,0
126,49005619310000,0,0,0,0,0,0,0,0,0,0,0,0,0,0,0
127,49005619820000,0,0,0,0,0,0,0,0,0,0,0,0,0,0,0
128,49005619870000,13140,19710,67946,119865,120666,3891,5837,13640,21777,21903,47147,70720,139677,209677,210756
129,49005620020000,0,0,0,0,0,0,0,0,0,0,0,0,0,0,0
130,49005620150000,0,0,0,0,0,0,0,0,0,0,0,0,0,0,0
131,49005620160000,0,0,0,0,0,0,0,0,0,0,0,0,0,0,0
132,49005620210000,0,0,0,0,0,0,0,0,0,0,0,0,0,0,0
133,49005620290000,0,0,0,0,0,0,0,0,0,0,0,0,0,0,0
134,49005620300000,0,0,0,0,0,0,0,0,0,0,0,0,0,0,0
135,49005620650000,0,0,0,0,0,0,0,0,0,0,0,0,0,0,0
136,49005620660000,0,0,0,0,0,0,0,0,0,0,0,0,0,0,0
137,49005620730000,9033,13549,27099,54950,109901,1893,2839,5679,11515,23031,14973,22459,44919,91085,182171
138,49005620830000,0,0,0,0,0,0,0,0,0,0,0,0,0,0,0
139,49005621170000,0,0,0,0,0,0,0,0,0,0,0,0,0,0,0
140,49005621180000,0,0,0,0,0,0,0,0,0,0,0,0,0,0,0
141,49005621330000,0,0,0,0,0,0,0,0,0,0,0,0,0,0,0
142,49005621350000,0,0,0,0,0,0,0,0,0,0,0,0,0,0,0
143,49005621410000,0,0,0,0,0,0,0,0,0,0,0,0,0,0,0
144,49005621430000,0,0,0,0,0,0,0,0,0,0,0,0,0,0,0
145,49005621440000,0,0,0,0,0,0,0,0,0,0,0,0,0,0,0
146,49005621450000,0,0,0,0,0,0,0,0,0,0,0,0,0,0,0
147,49005621460000,0,0,0,0,0,0,0,0,0,0,0,0,0,0,0
148,49005621500000,0,0,0,0,0,0,0,0,0,0,0,0,0,0,0
149,49005621530000,0,0,0,0,0,0,0,0,0,0,0,0,0,0,0
150,49005621550000,0,0,0,0,0,0,0,0,0,0,0,0,0,0,0
151,49005621560000,0,0,0,0,0,0,0,0,0,0,0,0,0,0,0
152,49005621700000,0,0,0,0,0,0,0,0,0,0,0,0,0,0,0
153,49005621850000,0,0,0,0,0,0,0,0,0,0,0,0,0,0,0
154,49005621970000,0,0,0,0,0,0,0,0,0,0,0,0,0,0,0
155,49005621980000,0,0,0,0,0,0,0,0,0,0,0,0,0,0,0
156,49005621990000,0,0,0,0,0,0,0,0,0,0,0,0,0,0,0
157,49005622020000,0,0,0,0,0,0,0,0,0,0,0,0,0,0,0
158,49005622030000,0,0,0,0,0,0,0,0,0,0,0,0,0,0,0
159,49005622040000,0,0,0,0,0,0,0,0,0,0,0,0,0,0,0
160,49005622060000,20723,31085,62170,126067,252135,12255,18383,36766,74555,149110,45203,67805,135610,274987,549975
161,49005622070000,0,0,0,0,0,0,0,0,0,0,0,0,0,0,0
162,49005622100000,0,0,0,0,0,0,0,0,0,0,0,0,0,0,0
163,49005622110000,0,0,0,0,0,0,0,0,0,0,0,0,0,0,0
164,49005622190000,0,0,0,0,0,0,0,0,0,0,0,0,0,0,0
165,49005622200000,0,0,0,0,0,0,0,0,0,0,0,0,0,0,0
166,49005622220000,0,0,0,0,0,0,0,0,0,0,0,0,0,0,0
167,49005622320000,0,0,0,0,0,0,0,0,0,0,0,0,0,0,0
168,49005622510000,0,0,0,0,0,0,0,0,0,0,0,0,0,0,0
169,49005622660000,0,0,0,0,0,0,0,0,0,0,0,0,0,0,0
170,49005623130000,0,0,0,0,0,0,0,0,0,0,0,0,0,0,0
171,49005623510000,18647,27970,55941,113436,222970,5427,8141,16283,33019,64290,67161,100742,201484,408565,790368
172,49005623640000,0,0,0,0,0,0,0,0,0,0,0,0,0,0,0
173,49005623650000,0,0,0,0,0,0,0,0,0,0,0,0,0,0,0
174,49005623710000,0,0,0,0,0,0,0,0,0,0,0,0,0,0,0
175,49005623900000,0,0,0,0,0,0,0,0,0,0,0,0,0,0,0
176,49005623910000,0,0,0,0,0,0,0,0,0,0,0,0,0,0,0
177,49005624060000,21844,32766,65532,132886,268078,3795,5692,11385,23086,46084,105557,158335,316671,642139,1270057
178,49005624500000,0,0,0,0,0,0,0,0,0,0,0,0,0,0,0
179,49005624530000,0,0,0,0,126788,0,0,0,0,68185,0,0,0,0,58119
180,49005624940000,0,0,0,0,0,0,0,0,0,0,0,0,0,0,0
181,49005625530000,0,0,0,0,0,0,0,0,0,0,0,0,0,0,0
182,49005625940000,0,0,0,0,0,0,0,0,0,0,0,0,0,0,0
183,49005626170000,0,0,0,0,0,0,0,0,0,0,0,0,0,0,0
184,49005626220000,0,0,0,0,0,0,0,0,0,0,0,0,0,0,0
185,49005626230000,0,0,0,0,0,0,0,0,0,0,0,0,0,0,0
186,49005626270000,0,0,0,0,0,0,0,0,0,0,0,0,0,0,0
187,49005626290000,0,0,0,0,0,0,0,0,0,0,0,0,0,0,0
188,49005626460000,0,0,0,0,0,0,0,0,0,0,0,0,0,0,0
189,49005626470000,0,0,0,0,0,0,0,0,0,0,0,0,0,0,0
190,49005626540000,0,0,0,0,0,0,0,0,0,0,0,0,0,0,0
191,49005626900000,0,0,0,0,0,0,0,0,0,0,0,0,0,0,0
192,49005627160000,0,0,0,0,0,0,0,0,0,0,0,0,0,0,0
193,49005627210000,0,0,0,0,0,0,0,0,0,0,0,0,0,0,0
194,49005627220000,0,0,0,0,0,0,0,0,0,0,0,0,0,0,0
195,49005627240000,0,0,0,0,0,0,0,0,0,0,0,0,0,0,0
196,49005627250000,0,0,0,0,0,0,0,0,0,0,0,0,0,0,0
197,49005627800000,14464,21697,52011,191291,196000,2148,3222,9589,50779,52185,12643,18964,43139,139374,142611
198,49005627830000,0,0,0,0,0,0,0,0,0,0,0,0,0,0,0
199,49005627970000,0,0,0,0,0,0,0,0,0,0,0,0,0,0,0
200,49005627980000,0,0,0,0,0,0,0,0,0,0,0,0,0,0,0
201,49005627990000,0,0,0,0,0,0,0,0,0,0,0,0,0,0,0
202,49005628000000,0,0,0,0,0,0,0,0,0,0,0,0,0,0,0
203,49005628280000,0,0,0,0,0,0,0,0,0,0,0,0,0,0,0
204,49005628300000,0,0,0,0,0,0,0,0,0,0,0,0,0,0,0
205,49005628340000,0,0,0,0,0,0,0,0,0,0,0,0,0,0,0
206,49005628440000,0,0,0,0,0,0,0,0,0,0,0,0,0,0,0
207,49005628520000,0,0,0,0,0,0,0,0,0,0,0,0,0,0,0
208,49005628530000,0,0,0,0,0,0,0,0,0,0,0,0,0,0,0
209,49005628550000,0,0,0,0,0,0,0,0,0,0,0,0,0,0,0
210,49005628770000,0,0,0,0,0,0,0,0,0,0,0,0,0,0,0
211,49005628780000,0,0,0,0,0,0,0,0,0,0,0,0,0,0,0
212,49005629080000,0,0,0,0,0,0,0,0,0,0,0,0,0,0,0
213,49005629090000,0,0,0,0,0,0,0,0,0,0,0,0,0,0,0
214,49005629390000,0,0,0,0,0,0,0,0,0,0,0,0,0,0,0
215,49005629400000,0,0,0,0,0,0,0,0,0,0,0,0,0,0,0
216,49005629410000,0,0,0,0,0,0,0,0,0,0,0,0,0,0,0
217,49005629420000,0,0,0,0,0,0,0,0,0,0,0,0,0,0,0
218,49005629430000,0,0,0,0,197248,0,0,0,0,362488,0,0,0,0,109161
219,49005629470000,0,0,0,0,0,0,0,0,0,0,0,0,0,0,0
220,49005630450000,0,0,0,0,0,0,0,0,0,0,0,0,0,0,0
221,49005630820000,0,0,0,0,0,0,0,0,0,0,0,0,0,0,0
222,49005630840000,0,0,0,0,0,0,0,0,0,0,0,0,0,0,0
223,49005631770000,0,0,0,0,0,0,0,0,0,0,0,0,0,0,0
224,49005632010000,0,0,0,0,0,0,0,0,0,0,0,0,0,0,0
225,49005632360000,0,0,0,0,0,0,0,0,0,0,0,0,0,0,0
226,49005634520000,0,0,0,0,0,0,0,0,0,0,0,0,0,0,0
227,49005634700000,0,0,0,0,0,0,0,0,0,0,0,0,0,0,0
228,49005634720000,0,0,0,0,0,0,0,0,0,0,0,0,0,0,0
229,49005634940000,0,0,0,0,0,0,0,0,0,0,0,0,0,0,0
230,49005636840000,0,0,0,0,0,0,0,0,0,0,0,0,0,0,0
231,49009219470000,0,0,0,0,0,0,0,0,0,0,0,0,0,0,0
232,49009219880000,853,1300,2601,5274,10785,4107,5986,11972,24278,48959,0,0,0,0,0
233,49009228850000,0,0,0,0,0,0,0,0,0,0,0,0,0,0,0
234,49009282450000,0,0,0,0,0,0,0,0,0,0,0,0,0,0,0
235,49009282480000,0,0,0,12978,37763,0,0,0,11603,39661,0,0,0,16738,20656
236,49009282810000,0,0,0,2200,3852,0,0,0,3485,5674,0,0,0,16572,18601
237,49009282820000,0,0,0,0,0,0,0,0,0,0,0,0,0,0,0
238,49009282830000,0,0,0,0,43568,0,0,0,0,28225,0,0,0,0,19199
239,49009282900000,0,0,0,0,0,0,0,0,0,0,0,0,0,0,0
240,49009282910000,0,0,0,0,55355,0,0,0,0,189094,0,0,0,0,38822
241,49009282990000,0,0,0,0,86655,0,0,0,0,606696,0,0,0,0,22439
242,49009283050000,0,0,0,0,0,0,0,0,0,0,0,0,0,0,0
243,49009283060000,0,0,0,0,0,0,0,0,0,0,0,0,0,0,0
244,49009283080000,0,0,0,0,5015,0,0,0,0,497,0,0,0,0,4380
245,49009283100000,0,0,0,0,57812,0,0,0,0,12522,0,0,0,0,13238
246,49009283120000,0,0,0,0,45799,0,0,0,0,180086,0,0,0,0,24295
247,49009283130000,0,0,0,0,0,0,0,0,0,0,0,0,0,0,0
248,49009283150000,0,0,0,0,36965,0,0,0,0,5917,0,0,0,0,7046
249,49009283160000,0,0,0,0,11809,0,0,0,0,5570,0,0,0,0,11869
250,49009283220000,0,0,0,0,0,0,0,0,0,0,0,0,0,0,0
251,49009283230000,0,0,0,0,0,0,0,0,0,0,0,0,0,0,0
252,49009283250000,0,0,0,0,23025,0,0,0,0,-12132,0,0,0,0,1354
253,49009283260000,0,0,0,0,0,0,0,0,0,0,0,0,0,0,0
254,49009283450000,0,0,0,0,0,0,0,0,0,0,0,0,0,0,0
255,49009283460000,0,0,0,0,29733,0,0,0,0,29604,0,0,0,0,34603
256,49009283470000,0,0,0,0,0,0,0,0,0,0,0,0,0,0,0
257,49009283540000,0,0,0,0,0,0,0,0,0,0,0,0,0,0,0
258,49009283580000,0,0,0,0,0,0,0,0,0,0,0,0,0,0,0
259,49009284030000,0,0,0,0,1094,0,0,0,0,273,0,0,0,0,10622
260,49009284080000,0,0,0,0,0,0,0,0,0,0,0,0,0,0,0
261,49009284090000,0,0,0,0,0,0,0,0,0,0,0,0,0,0,0
262,49009284110000,0,0,0,0,0,0,0,0,0,0,0,0,0,0,0
263,49009284120000,0,0,0,0,0,0,0,0,0,0,0,0,0,0,0
264,49009284130000,0,0,0,23271,137700,0,0,0,112189,650661,0,0,0,367,14829
265,49009284160000,0,0,0,0,0,0,0,0,0,0,0,0,0,0,0
266,49009284200000,0,0,0,0,0,0,0,0,0,0,0,0,0,0,0
267,49009284250000,0,0,0,0,0,0,0,0,0,0,0,0,0,0,0
268,49009284290000,0,0,19301,59127,110000,0,0,139583,630064,1392666,0,0,8958,12005,15781
269,49009284300000,0,0,0,0,0,0,0,0,0,0,0,0,0,0,0
270,49009284330000,0,0,0,0,0,0,0,0,0,0,0,0,0,0,0
271,49009284350000,0,0,0,0,58283,0,0,0,0,23708,0,0,0,0,8754
272,49009284380000,0,0,0,0,96395,0,0,0,0,513996,0,0,0,0,32909
273,49009284470000,12443,20205,35867,51763,69725,15017,29223,63383,108758,150451,22331,24984,29134,31474,32930
274,49009284490000,0,0,0,0,7030,0,0,0,0,6852,0,0,0,0,13658
275,49009284640000,0,0,0,0,24732,0,0,0,0,26545,0,0,0,0,17465
276,49009284650000,0,0,0,7158,20213,0,0,0,6447,26306,0,0,0,5660,10984
277,49009284710000,0,0,0,0,0,0,0,0,0,0,0,0,0,0,0
278,49009284730000,0,0,0,0,0,0,0,0,0,0,0,0,0,0,0
279,49009284740000,0,0,0,0,19529,0,0,0,0,20668,0,0,0,0,27470
280,49009284760000,10343,17979,35262,62372,92997,3771,7116,15821,32444,71257,1826,2987,6609,12159,19109
281,49009284770000,0,0,0,0,0,0,0,0,0,0,0,0,0,0,0
282,49009284830000,0,0,0,0,0,0,0,0,0,0,0,0,0,0,0
283,49009284850000,0,0,0,21654,35292,0,0,0,40951,77685,0,0,0,4006,4731
284,49009284880000,0,0,0,0,0,0,0,0,0,0,0,0,0,0,0
285,49009284890000,0,0,0,0,0,0,0,0,0,0,0,0,0,0,0
286,49009284900000,0,0,0,0,16244,0,0,0,0,90725,0,0,0,0,19891
287,49009284930000,0,0,12600,34080,59134,0,0,14796,43688,79145,0,0,8351,9830,11263
288,49009285020000,0,0,0,0,0,0,0,0,0,0,0,0,0,0,0
289,49009285030000,0,0,0,65068,108744,0,0,0,190683,349213,0,0,0,26895,31286
290,49009285040000,0,0,0,0,0,0,0,0,0,0,0,0,0,0,0
291,49009285110000,18599,22433,51725,91042,126721,391,7432,21099,57610,111371,1623,2305,6134,12180,19218
292,49009285120000,15620,24151,45017,76260,111494,5296,8748,18030,35206,71958,1705,2850,6229,11343,19473
293,49009285180000,0,0,0,0,13080,0,0,0,0,14793,0,0,0,0,19385
294,49009285250000,0,0,0,0,0,0,0,0,0,0,0,0,0,0,0
295,49009285260000,0,0,0,0,53294,0,0,0,0,139857,0,0,0,0,36118
296,49009285270000,0,0,9992,18990,27431,0,0,11005,24751,36318,0,0,11652,13586,14455
297,49009285290000,0,0,0,0,0,0,0,0,0,0,0,0,0,0,0
298,49009285300000,12711,18518,32617,61227,92402,5893,9172,17668,52772,112291,2706,3827,6168,10883,15954
299,49009285330000,0,0,0,0,0,0,0,0,0,0,0,0,0,0,0
300,49009285410000,0,0,0,8849,83373,0,0,0,4106,49813,0,0,0,1994,9387
301,49009285460000,0,0,0,0,0,0,0,0,0,0,0,0,0,0,0
302,49009285480000,0,0,0,0,41156,0,0,0,0,26473,0,0,0,0,10248
303,49009285550000,0,0,0,0,33853,0,0,0,0,38068,0,0,0,0,12258
304,49009285590000,0,0,0,0,81599,0,0,0,0,485392,0,0,0,0,35479
305,49009285620000,0,0,0,0,17932,0,0,0,0,102252,0,0,0,0,30279
306,49009285630000,0,0,30805,78830,122237,0,0,7536,27782,77913,0,0,4180,10253,21300
307,49009285650000,0,0,0,0,10064,0,0,0,0,61680,0,0,0,0,18627
308,49009285670000,0,0,0,0,0,0,0,0,0,0,0,0,0,0,0
309,49009285680000,0,0,0,0,48349,0,0,0,0,307019,0,0,0,0,40237
310,49009285700000,0,0,0,0,9278,0,0,0,0,6756,0,0,0,0,11262
311,49009285710000,0,0,0,0,0,0,0,0,0,0,0,0,0,0,0
312,49009285740000,0,0,0,0,0,0,0,0,0,0,0,0,0,0,0
313,49009285830000,0,0,0,6744,22640,0,0,0,1137,12250,0,0,0,6764,17813
314,49009285870000,0,0,0,0,9232,0,0,0,0,16031,0,0,0,0,16726
315,49009285920000,0,0,0,0,0,0,0,0,0,0,0,0,0,0,0
316,49009286100000,0,0,0,0,0,0,0,0,0,0,0,0,0,0,0
317,49009286120000,0,0,0,0,0,0,0,0,0,0,0,0,0,0,0
318,49009286130000,0,0,0,0,0,0,0,0,0,0,0,0,0,0,0
319,49009286200000,0,0,0,0,90773,0,0,0,0,54807,0,0,0,0,26414
320,49009286210000,0,0,0,0,0,0,0,0,0,0,0,0,0,0,0
321,49009286230000,0,0,0,0,0,0,0,0,0,0,0,0,0,0,0
322,49009286240000,0,0,0,0,0,0,0,0,0,0,0,0,0,0,0
323,49009286270000,0,0,0,0,0,0,0,0,0,0,0,0,0,0,0
324,49009286280000,0,0,0,0,45034,0,0,0,0,44573,0,0,0,0,26793
325,49009286340000,0,0,0,0,0,0,0,0,0,0,0,0,0,0,0
326,49009286350000,0,0,0,0,0,0,0,0,0,0,0,0,0,0,0
327,49009286390000,0,0,0,0,0,0,0,0,0,0,0,0,0,0,0
328,49009286410000,0,0,0,0,21517,0,0,0,0,173822,0,0,0,0,21667
329,49009286420000,0,0,0,33413,81075,0,0,0,7364,27829,0,0,0,28883,59002
330,49009286430000,0,0,0,0,0,0,0,0,0,0,0,0,0,0,0
331,49009286440000,0,0,0,0,0,0,0,0,0,0,0,0,0,0,0
332,49009286540000,0,0,0,0,6613,0,0,0,0,7326,0,0,0,0,693
333,49009286610000,0,0,0,0,24676,0,0,0,0,28850,0,0,0,0,5615
334,49009286620000,0,0,0,0,59453,0,0,0,0,13717,0,0,0,0,14552
335,49009286740000,0,0,0,0,21205,0,0,0,0,23329,0,0,0,0,12287
336,49009286770000,0,0,0,0,0,0,0,0,0,0,0,0,0,0,0
337,49009286780000,0,0,0,0,0,0,0,0,0,0,0,0,0,0,0
338,49009286790000,0,0,0,0,0,0,0,0,0,0,0,0,0,0,0
339,49009286820000,0,0,0,0,0,0,0,0,0,0,0,0,0,0,0
340,49009286830000,0,0,0,0,36431,0,0,0,0,38708,0,0,0,0,16853
341,49009286860000,0,0,0,0,0,0,0,0,0,0,0,0,0,0,0
342,49009287050000,0,0,0,0,0,0,0,0,0,0,0,0,0,0,0
343,49009287060000,0,0,28723,51120,55883,0,0,198936,376448,446324,0,0,21467,60684,69795
344,49009287070000,0,0,0,0,11908,0,0,0,0,7680,0,0,0,0,11240
345,49009287090000,0,0,0,0,0,0,0,0,0,0,0,0,0,0,0
346,49009287110000,0,0,0,0,0,0,0,0,0,0,0,0,0,0,0
347,49009287150000,0,0,0,0,0,0,0,0,0,0,0,0,0,0,0
348,49009287310000,0,0,0,0,0,0,0,0,0,0,0,0,0,0,0
349,49009287430000,0,0,0,0,0,0,0,0,0,0,0,0,0,0,0
350,49009287440000,0,0,0,0,59038,0,0,0,0,5832,0,0,0,0,5200
351,49009287610000,0,0,0,0,4060,0,0,0,0,881,0,0,0,0,3123
352,49009287630000,0,0,0,0,0,0,0,0,0,0,0,0,0,0,0
353,49009287670000,0,0,0,0,0,0,0,0,0,0,0,0,0,0,0
354,49009287720000,0,0,29794,53204,62871,0,0,105574,205082,264795,0,0,37657,59581,61886
355,49009287800000,0,0,0,0,0,0,0,0,0,0,0,0,0,0,0
356,49009287940000,0,0,0,0,0,0,0,0,0,0,0,0,0,0,0
357,49009287990000,0,0,0,0,0,0,0,0,0,0,0,0,0,0,0
358,49009288010000,0,0,36361,70986,101257,0,0,117904,274197,392738,0,0,44640,51996,54772
359,49009288080000,0,0,0,0,0,0,0,0,0,0,0,0,0,0,0
360,49009288100000,0,0,0,0,0,0,0,0,0,0,0,0,0,0,0
361,49009288170000,0,0,0,0,0,0,0,0,0,0,0,0,0,0,0
362,49009288240000,0,0,0,0,0,0,0,0,0,0,0,0,0,0,0
363,49009288280000,0,0,0,0,0,0,0,0,0,0,0,0,0,0,0
364,49009288290000,0,0,0,0,0,0,0,0,0,0,0,0,0,0,0
365,49009288390000,0,0,0,0,0,0,0,0,0,0,0,0,0,0,0
366,49009288400000,0,0,0,0,0,0,0,0,0,0,0,0,0,0,0
367,49009288410000,0,0,0,0,0,0,0,0,0,0,0,0,0,0,0
368,49009288420000,0,0,28158,59578,74676,0,0,173170,404775,551311,0,0,32796,75138,87468
369,49009288470000,0,0,0,33203,60568,0,0,0,16610,39841,0,0,0,10939,18229
370,49009288480000,0,0,0,0,0,0,0,0,0,0,0,0,0,0,0
371,49009288510000,19416,24717,36503,51160,62615,89625,118272,193725,288219,354389,19478,21367,23805,26237,28146
372,49009288530000,0,0,0,0,0,0,0,0,0,0,0,0,0,0,0
373,49009288560000,0,0,27879,56150,66425,0,0,189347,412911,548933,0,0,27590,85608,99900
374,49009288570000,12288,18433,36866,74757,149514,19651,29476,58953,119544,239088,20648,30973,61946,125614,251228
375,49009288710000,0,0,0,0,0,0,0,0,0,0,0,0,0,0,0
376,49009288720000,0,0,0,0,0,0,0,0,0,0,0,0,0,0,0
377,49009288730000,0,0,0,0,0,0,0,0,0,0,0,0,0,0,0
378,49009288740000,0,0,0,0,0,0,0,0,0,0,0,0,0,0,0
379,49009288750000,0,0,0,0,0,0,0,0,0,0,0,0,0,0,0
380,49009288880000,0,0,0,0,0,0,0,0,0,0,0,0,0,0,0
381,49009288920000,0,0,0,0,0,0,0,0,0,0,0,0,0,0,0
382,49009288930000,0,0,0,0,0,0,0,0,0,0,0,0,0,0,0
383,49009289090000,0,0,0,0,0,0,0,0,0,0,0,0,0,0,0
384,49009289120000,0,0,0,0,0,0,0,0,0,0,0,0,0,0,0
385,49009289150000,0,0,0,0,0,0,0,0,0,0,0,0,0,0,0
386,49009289160000,0,0,0,0,0,0,0,0,0,0,0,0,0,0,0
387,49009289170000,0,0,0,0,0,0,0,0,0,0,0,0,0,0,0
388,49009289190000,0,0,0,0,0,0,0,0,0,0,0,0,0,0,0
389,49009289220000,0,0,0,0,0,0,0,0,0,0,0,0,0,0,0
390,49009289230000,0,0,0,0,0,0,0,0,0,0,0,0,0,0,0
391,49009289240000,0,0,0,0,0,0,0,0,0,0,0,0,0,0,0
392,49009289250000,0,0,0,0,0,0,0,0,0,0,0,0,0,0,0
393,49009289270000,0,0,0,0,0,0,0,0,0,0,0,0,0,0,0
394,49009289290000,0,0,0,0,0,0,0,0,0,0,0,0,0,0,0
395,49009289330000,0,0,0,0,0,0,0,0,0,0,0,0,0,0,0
396,49009289340000,0,0,0,0,0,0,0,0,0,0,0,0,0,0,0
397,49009289350000,0,0,0,0,0,0,0,0,0,0,0,0,0,0,0
398,49009289430000,0,0,0,0,0,0,0,0,0,0,0,0,0,0,0
399,49009289440000,0,0,0,0,0,0,0,0,0,0,0,0,0,0,0
400,49009289450000,0,0,0,0,0,0,0,0,0,0,0,0,0,0,0
401,49009289460000,0,0,0,0,0,0,0,0,0,0,0,0,0,0,0
402,49009289480000,0,0,0,0,0,0,0,0,0,0,0,0,0,0,0
403,49009289500000,0,0,0,0,0,0,0,0,0,0,0,0,0,0,0
404,49009289520000,0,0,0,0,0,0,0,0,0,0,0,0,0,0,0
405,49009289530000,0,0,0,0,0,0,0,0,0,0,0,0,0,0,0
406,49009289590000,0,0,0,0,0,0,0,0,0,0,0,0,0,0,0
407,49009289600000,0,0,0,0,0,0,0,0,0,0,0,0,0,0,0
408,49009289610000,0,0,0,0,0,0,0,0,0,0,0,0,0,0,0
409,49009289620000,0,0,0,0,0,0,0,0,0,0,0,0,0,0,0
410,49009289660000,0,0,0,0,0,0,0,0,0,0,0,0,0,0,0
411,49009289670000,0,0,0,0,0,0,0,0,0,0,0,0,0,0,0
412,49009289680000,0,0,0,0,0,0,0,0,0,0,0,0,0,0,0
413,49009289690000,0,0,0,0,0,0,0,0,0,0,0,0,0,0,0
414,49009289700000,0,0,0,0,0,0,0,0,0,0,0,0,0,0,0
415,49009289710000,0,0,0,0,0,0,0,0,0,0,0,0,0,0,0
416,49009289730000,0,0,0,0,0,0,0,0,0,0,0,0,0,0,0
417,49009289740000,0,0,0,0,0,0,0,0,0,0,0,0,0,0,0
418,49009289750000,0,0,0,0,0,0,0,0,0,0,0,0,0,0,0
419,49009289760000,0,0,0,0,0,0,0,0,0,0,0,0,0,0,0
420,49009289780000,0,0,0,0,0,0,0,0,0,0,0,0,0,0,0
421,49009289790000,0,0,0,0,0,0,0,0,0,0,0,0,0,0,0
422,49009289800000,0,0,0,0,0,0,0,0,0,0,0,0,0,0,0
423,49009289810000,0,0,0,0,0,0,0,0,0,0,0,0,0,0,0
424,49009289830000,0,0,0,0,0,0,0,0,0,0,0,0,0,0,0
425,49009289840000,0,0,0,0,0,0,0,0,0,0,0,0,0,0,0
426,49009289850000,0,0,0,0,0,0,0,0,0,0,0,0,0,0,0
427,49009289860000,0,0,0,0,0,0,0,0,0,0,0,0,0,0,0
428,49009289870000,0,0,0,0,0,0,0,0,0,0,0,0,0,0,0
429,49009289880000,0,0,0,0,0,0,0,0,0,0,0,0,0,0,0
430,49009289900000,0,0,0,0,0,0,0,0,0,0,0,0,0,0,0
431,49009289910000,0,0,0,0,0,0,0,0,0,0,0,0,0,0,0
432,49009289920000,0,0,0,0,0,0,0,0,0,0,0,0,0,0,0
433,49009289930000,0,0,0,0,0,0,0,0,0,0,0,0,0,0,0
434,49009289980000,0,0,0,0,0,0,0,0,0,0,0,0,0,0,0
435,49009289990000,0,0,0,0,0,0,0,0,0,0,0,0,0,0,0
436,49009290140000,0,0,0,0,0,0,0,0,0,0,0,0,0,0,0
437,49009290150000,0,0,0,0,0,0,0,0,0,0,0,0,0,0,0
438,49009290160000,0,0,0,0,0,0,0,0,0,0,0,0,0,0,0
439,49009290170000,0,0,0,0,0,0,0,0,0,0,0,0,0,0,0
440,49009290190000,0,0,0,0,0,0,0,0,0,0,0,0,0,0,0
441,49009290210000,0,0,0,0,0,0,0,0,0,0,0,0,0,0,0
442,49009290220000,0,0,0,0,0,0,0,0,0,0,0,0,0,0,0
443,49009290230000,0,0,0,0,0,0,0,0,0,0,0,0,0,0,0
444,49009290270000,0,0,0,0,0,0,0,0,0,0,0,0,0,0,0
445,49009290280000,0,0,0,0,0,0,0,0,0,0,0,0,0,0,0
446,49009290290000,0,0,0,0,0,0,0,0,0,0,0,0,0,0,0
447,49009290330000,0,0,0,0,0,0,0,0,0,0,0,0,0,0,0
448,49009290390000,0,0,0,0,0,0,0,0,0,0,0,0,0,0,0
449,49009290510000,0,0,0,0,0,0,0,0,0,0,0,0,0,0,0
450,49009290520000,0,0,0,0,0,0,0,0,0,0,0,0,0,0,0
451,49009290530000,0,0,0,0,0,0,0,0,0,0,0,0,0,0,0
452,49009290600000,0,0,0,0,0,0,0,0,0,0,0,0,0,0,0
453,49009290610000,0,0,0,0,0,0,0,0,0,0,0,0,0,0,0
454,49009290620000,0,0,0,0,0,0,0,0,0,0,0,0,0,0,0
455,49009290640000,0,0,0,0,0,0,0,0,0,0,0,0,0,0,0
456,49009290650000,0,0,0,0,0,0,0,0,0,0,0,0,0,0,0
457,49009290660000,0,0,0,0,0,0,0,0,0,0,0,0,0,0,0
458,49009290700000,0,0,0,0,0,0,0,0,0,0,0,0,0,0,0
459,49009290800000,0,0,0,0,0,0,0,0,0,0,0,0,0,0,0
460,49009290810000,0,0,0,0,20103,0,0,0,0,116284,0,0,0,0,17014
461,49009290830000,0,0,0,0,0,0,0,0,0,0,0,0,0,0,0
462,49009290840000,0,0,0,0,3083,0,0,0,0,18131,0,0,0,0,18013
463,49009290880000,0,0,0,0,0,0,0,0,0,0,0,0,0,0,0
464,49009290890000,0,0,0,0,0,0,0,0,0,0,0,0,0,0,0
465,49009290910000,0,0,0,0,0,0,0,0,0,0,0,0,0,0,0
466,49009290950000,0,0,0,0,0,0,0,0,0,0,0,0,0,0,0
467,49009290960000,0,0,0,0,0,0,0,0,0,0,0,0,0,0,0
468,49009290970000,0,0,0,0,0,0,0,0,0,0,0,0,0,0,0
469,49009291000000,0,0,0,0,0,0,0,0,0,0,0,0,0,0,0
470,49009291010000,0,0,0,0,0,0,0,0,0,0,0,0,0,0,0
471,49009291020000,0,0,0,0,0,0,0,0,0,0,0,0,0,0,0
472,49009291030000,0,0,0,0,0,0,0,0,0,0,0,0,0,0,0
473,49009291040000,0,0,0,0,0,0,0,0,0,0,0,0,0,0,0
474,49009291050000,0,0,0,0,0,0,0,0,0,0,0,0,0,0,0
475,49009291060000,0,0,0,0,0,0,0,0,0,0,0,0,0,0,0
476,49009291070000,0,0,0,0,0,0,0,0,0,0,0,0,0,0,0
477,49009291110000,0,0,0,0,0,0,0,0,0,0,0,0,0,0,0
478,49009291140000,0,0,0,0,0,0,0,0,0,0,0,0,0,0,0
479,49009291170000,0,0,0,0,0,0,0,0,0,0,0,0,0,0,0
480,49009291230000,0,0,0,0,0,0,0,0,0,0,0,0,0,0,0
481,49009291300000,0,0,0,0,0,0,0,0,0,0,0,0,0,0,0
482,49009291450000,0,0,0,0,0,0,0,0,0,0,0,0,0,0,0
483,49009291470000,0,0,0,0,0,0,0,0,0,0,0,0,0,0,0
484,49009291540000,18842,27479,54958,111442,234377,7617,11284,22569,45766,97647,17973,26375,52751,106968,215692
485,49009291550000,0,0,0,0,0,0,0,0,0,0,0,0,0,0,0
486,49009291560000,0,0,0,0,0,0,0,0,0,0,0,0,0,0,0
487,49009291630000,0,0,0,0,0,0,0,0,0,0,0,0,0,0,0
488,49009291640000,0,0,0,0,0,0,0,0,0,0,0,0,0,0,0
489,49009291650000,24456,36685,73370,148778,295069,200860,301290,602580,1221898,2202035,31830,47745,95490,193632,320328
490,49009291660000,26200,38203,76407,154936,309873,195373,285032,570065,1155966,2311933,29476,42851,85703,173787,347574
491,49009291670000,0,0,0,0,0,0,0,0,0,0,0,0,0,0,0
492,49009291740000,0,0,0,0,0,0,0,0,0,0,0,0,0,0,0
493,49009291750000,0,0,0,0,0,0,0,0,0,0,0,0,0,0,0
494,49009291760000,0,0,0,0,0,0,0,0,0,0,0,0,0,0,0
495,49009291770000,0,0,0,0,0,0,0,0,0,0,0,0,0,0,0
496,49009291780000,0,0,0,0,0,0,0,0,0,0,0,0,0,0,0
497,49009291790000,0,0,0,0,0,0,0,0,0,0,0,0,0,0,0
498,49009291900000,0,0,0,0,0,0,0,0,0,0,0,0,0,0,0
499,49009291950000,0,0,0,0,0,0,0,0,0,0,0,0,0,0,0
500,49009291960000,0,0,0,0,0,0,0,0,0,0,0,0,0,0,0
501,49009291970000,0,0,0,0,0,0,0,0,0,0,0,0,0,0,0
502,49009291980000,0,0,0,0,0,0,0,0,0,0,0,0,0,0,0
503,49009292000000,0,0,0,0,0,0,0,0,0,0,0,0,0,0,0
504,49009292120000,0,0,0,0,0,0,0,0,0,0,0,0,0,0,0
505,49009292210000,0,0,0,0,0,0,0,0,0,0,0,0,0,0,0
506,49009292240000,0,0,0,0,0,0,0,0,0,0,0,0,0,0,0
507,49009292260000,0,0,0,0,0,0,0,0,0,0,0,0,0,0,0
508,49009292290000,0,0,0,0,0,0,0,0,0,0,0,0,0,0,0
509,49009292420000,0,0,0,0,0,0,0,0,0,0,0,0,0,0,0
510,49009292440000,0,0,0,0,0,0,0,0,0,0,0,0,0,0,0
511,49009292480000,0,0,0,0,0,0,0,0,0,0,0,0,0,0,0
512,49009292490000,0,0,0,0,0,0,0,0,0,0,0,0,0,0,0
513,49009292690000,13818,20727,41455,84063,168126,37797,56696,113393,229937,459874,30287,45431,90862,184249,368498
514,49009292730000,0,0,0,0,0,0,0,0,0,0,0,0,0,0,0
515,49009292750000,0,0,0,0,0,0,0,0,0,0,0,0,0,0,0
516,49009292860000,0,0,0,0,0,0,0,0,0,0,0,0,0,0,0
517,49009292870000,0,0,0,0,0,0,0,0,0,0,0,0,0,0,0
518,49009292890000,0,0,0,0,0,0,0,0,0,0,0,0,0,0,0
519,49009292900000,0,0,0,0,0,0,0,0,0,0,0,0,0,0,0
520,49009293030000,13770,20655,60984,148938,322470,1680,2520,22840,69182,160615,40800,61200,128962,269939,548082
521,49009293040000,0,0,0,0,0,0,0,0,0,0,0,0,0,0,0
522,49009293060000,0,0,0,0,0,0,0,0,0,0,0,0,0,0,0
523,49009293070000,0,0,0,0,0,0,0,0,0,0,0,0,0,0,0
524,49009293080000,0,0,0,0,0,0,0,0,0,0,0,0,0,0,0
525,49009293150000,0,0,0,0,0,0,0,0,0,0,0,0,0,0,0
526,49009293170000,0,0,0,0,0,0,0,0,0,0,0,0,0,0,0
527,49009293180000,0,0,0,0,0,0,0,0,0,0,0,0,0,0,0
528,49009293190000,0,0,0,0,0,0,0,0,0,0,0,0,0,0,0
529,49009293200000,0,0,0,0,0,0,0,0,0,0,0,0,0,0,0
530,49009293230000,0,0,0,0,0,0,0,0,0,0,0,0,0,0,0
531,49009293400000,0,0,0,0,0,0,0,0,0,0,0,0,0,0,0
532,49009293460000,0,0,0,0,0,0,0,0,0,0,0,0,0,0,0
533,49009293570000,0,0,0,0,0,0,0,0,0,0,0,0,0,0,0
534,49009293640000,0,0,0,0,0,0,0,0,0,0,0,0,0,0,0
535,49009293650000,0,0,0,0,0,0,0,0,0,0,0,0,0,0,0
536,49009293660000,0,0,0,0,0,0,0,0,0,0,0,0,0,0,0
537,49009293670000,0,0,0,0,0,0,0,0,0,0,0,0,0,0,0
538,49009293680000,0,0,0,0,0,0,0,0,0,0,0,0,0,0,0
539,49009293700000,0,0,0,0,0,0,0,0,0,0,0,0,0,0,0
540,49009293710000,0,0,0,0,0,0,0,0,0,0,0,0,0,0,0
541,49009293850000,0,0,0,0,0,0,0,0,0,0,0,0,0,0,0
542,49009293980000,0,0,0,0,0,0,0,0,0,0,0,0,0,0,0
543,49009294110000,0,0,0,0,0,0,0,0,0,0,0,0,0,0,0
544,49009294180000,0,0,0,0,0,0,0,0,0,0,0,0,0,0,0
545,49009294190000,0,0,0,0,0,0,0,0,0,0,0,0,0,0,0
546,49009294280000,0,0,0,0,0,0,0,0,0,0,0,0,0,0,0
547,49009294290000,0,0,0,0,0,0,0,0,0,0,0,0,0,0,0
548,49009294300000,0,0,0,0,0,0,0,0,0,0,0,0,0,0,0
549,49009294340000,0,0,0,0,0,0,0,0,0,0,0,0,0,0,0
550,49009294350000,0,0,0,0,0,0,0,0,0,0,0,0,0,0,0
551,49009294360000,0,0,0,0,0,0,0,0,0,0,0,0,0,0,0
552,49009294390000,0,0,0,0,0,0,0,0,0,0,0,0,0,0,0
553,49009294400000,0,0,0,0,0,0,0,0,0,0,0,0,0,0,0
554,49009294410000,0,0,0,0,0,0,0,0,0,0,0,0,0,0,0
555,49009294430000,0,0,0,0,0,0,0,0,0,0,0,0,0,0,0
556,49009294450000,0,0,0,0,0,0,0,0,0,0,0,0,0,0,0
557,49009294460000,0,0,0,0,0,0,0,0,0,0,0,0,0,0,0
558,49009294470000,0,0,0,0,0,0,0,0,0,0,0,0,0,0,0
559,49009294480000,0,0,0,0,0,0,0,0,0,0,0,0,0,0,0
560,49009294520000,0,0,0,0,0,0,0,0,0,0,0,0,0,0,0
561,49009294580000,0,0,0,0,0,0,0,0,0,0,0,0,0,0,0
562,49009294600000,0,0,0,0,0,0,0,0,0,0,0,0,0,0,0
563,49009294610000,0,0,0,0,0,0,0,0,0,0,0,0,0,0,0
564,49009294620000,0,0,0,0,0,0,0,0,0,0,0,0,0,0,0
565,49009294630000,0,0,0,0,0,0,0,0,0,0,0,0,0,0,0
566,49009294640000,0,0,0,0,0,0,0,0,0,0,0,0,0,0,0
567,49009294800000,0,0,0,0,0,0,0,0,0,0,0,0,0,0,0
568,49009294880000,0,0,0,0,0,0,0,0,0,0,0,0,0,0,0
569,49009295020000,0,0,0,0,0,0,0,0,0,0,0,0,0,0,0
570,49009295030000,0,0,0,0,0,0,0,0,0,0,0,0,0,0,0
571,49009295130000,17280,25920,54661,156988,360202,13260,19890,40339,90942,191043,59580,89370,174462,283811,497544
572,49009295150000,0,0,0,0,0,0,0,0,0,0,0,0,0,0,0
573,49009295160000,0,0,0,0,0,0,0,0,0,0,0,0,0,0,0
574,49009295210000,0,0,0,0,0,0,0,0,0,0,0,0,0,0,0
575,49009295270000,0,0,0,0,0,0,0,0,0,0,0,0,0,0,0
576,49009295580000,0,0,0,0,0,0,0,0,0,0,0,0,0,0,0
577,49009295590000,0,0,0,0,0,0,0,0,0,0,0,0,0,0,0
578,49009295600000,0,0,0,0,0,0,0,0,0,0,0,0,0,0,0
579,49009295620000,0,0,0,0,0,0,0,0,0,0,0,0,0,0,0
580,49009295950000,0,0,0,0,0,0,0,0,0,0,0,0,0,0,0
581,49009295960000,0,0,0,0,0,0,0,0,0,0,0,0,0,0,0
582,49009296030000,0,0,0,0,0,0,0,0,0,0,0,0,0,0,0
583,49009296060000,0,0,0,0,0,0,0,0,0,0,0,0,0,0,0
584,49009296460000,0,0,0,0,0,0,0,0,0,0,0,0,0,0,0
585,49009296510000,0,0,0,0,0,0,0,0,0,0,0,0,0,0,0
586,49009296520000,0,0,0,0,0,0,0,0,0,0,0,0,0,0,0
587,49009296670000,0,0,0,0,0,0,0,0,0,0,0,0,0,0,0
588,49009296830000,0,0,0,0,0,0,0,0,0,0,0,0,0,0,0
589,49009296910000,0,0,0,0,0,0,0,0,0,0,0,0,0,0,0
590,49009297070000,0,0,0,0,0,0,0,0,0,0,0,0,0,0,0
591,49009297080000,0,0,0,0,0,0,0,0,0,0,0,0,0,0,0
592,49009297090000,0,0,0,0,0,0,0,0,0,0,0,0,0,0,0
593,49009297910000,0,0,0,0,0,0,0,0,0,0,0,0,0,0,0
594,49009298080000,0,0,0,0,0,0,0,0,0,0,0,0,0,0,0
595,49009298360000,0,0,0,0,0,0,0,0,0,0,0,0,0,0,0
596,49009298390000,0,0,0,0,0,0,0,0,0,0,0,0,0,0,0
597,49009298400000,0,0,0,0,0,0,0,0,0,0,0,0,0,0,0
598,49009298410000,0,0,0,0,0,0,0,0,0,0,0,0,0,0,0
599,49009298420000,0,0,0,0,0,0,0,0,0,0,0,0,0,0,0
600,49009298430000,0,0,0,0,0,0,0,0,0,0,0,0,0,0,0
601,49009298840000,0,0,0,0,0,0,0,0,0,0,0,0,0,0,0
602,49009298850000,0,0,0,0,0,0,0,0,0,0,0,0,0,0,0
603,49009299190000,0,0,0,0,0,0,0,0,0,0,0,0,0,0,0
604,49009299200000,0,0,0,0,0,0,0,0,0,0,0,0,0,0,0
605,49009299210000,0,0,0,0,0,0,0,0,0,0,0,0,0,0,0
606,49009299270000,0,0,0,0,0,0,0,0,0,0,0,0,0,0,0
607,49009299290000,0,0,0,0,0,0,0,0,0,0,0,0,0,0,0
608,49009299360000,0,0,0,0,0,0,0,0,0,0,0,0,0,0,0
609,49009299430000,0,0,0,0,0,0,0,0,0,0,0,0,0,0,0
610,49009299440000,0,0,0,0,0,0,0,0,0,0,0,0,0,0,0
611,49009299470000,0,0,0,0,0,0,0,0,0,0,0,0,0,0,0
612,49009299720000,0,0,0,0,0,0,0,0,0,0,0,0,0,0,0
613,49009299790000,0,0,0,0,0,0,0,0,0,0,0,0,0,0,0
614,49009299930000,0,0,0,0,0,0,0,0,0,0,0,0,0,0,0
615,49009299950000,0,0,0,0,0,0,0,0,0,0,0,0,0,0,0
616,49009299960000,0,0,0,0,0,0,0,0,0,0,0,0,0,0,0
617,49009299980000,0,0,0,0,0,0,0,0,0,0,0,0,0,0,0
618,49009299990000,0,0,0,0,0,0,0,0,0,0,0,0,0,0,0
619,49009300020000,0,0,0,0,0,0,0,0,0,0,0,0,0,0,0
620,49009300640000,0,0,0,0,0,0,0,0,0,0,0,0,0,0,0
621,49009300650000,0,0,0,0,0,0,0,0,0,0,0,0,0,0,0
622,49009300710000,0,0,0,0,0,0,0,0,0,0,0,0,0,0,0
623,49009300730000,0,0,0,0,0,0,0,0,0,0,0,0,0,0,0
624,49009300850000,0,0,0,0,0,0,0,0,0,0,0,0,0,0,0
625,49009300860000,0,0,0,0,0,0,0,0,0,0,0,0,0,0,0
626,49009301030000,0,0,0,0,0,0,0,0,0,0,0,0,0,0,0
627,49009301360000,0,0,0,0,0,0,0,0,0,0,0,0,0,0,0
628,49009301380000,0,0,0,0,0,0,0,0,0,0,0,0,0,0,0
629,49009302000000,0,0,0,0,0,0,0,0,0,0,0,0,0,0,0
630,49009302110000,0,0,0,0,0,0,0,0,0,0,0,0,0,0,0
631,49009302330000,0,0,0,0,0,0,0,0,0,0,0,0,0,0,0
632,49009302920000,0,0,0,0,0,0,0,0,0,0,0,0,0,0,0
633,49009302950000,34505,51757,117432,325330,680291,49015,73522,161210,415657,845958,108950,163425,309161,516073,826602
634,49009303100000,0,0,0,0,0,0,0,0,0,0,0,0,0,0,0
635,49009303160000,0,0,0,0,0,0,0,0,0,0,0,0,0,0,0
636,49009303230000,0,0,0,0,0,0,0,0,0,0,0,0,0,0,0
637,49009303250000,0,0,0,0,0,0,0,0,0,0,0,0,0,0,0
638,49009303260000,0,0,0,0,0,0,0,0,0,0,0,0,0,0,0
639,49009303270000,0,0,0,0,0,0,0,0,0,0,0,0,0,0,0
640,49009304310000,0,0,0,0,0,0,0,0,0,0,0,0,0,0,0
641,49009304910000,0,0,0,0,0,0,0,0,0,0,0,0,0,0,0
642,49009305190000,0,0,0,0,0,0,0,0,0,0,0,0,0,0,0
643,49009305200000,0,0,0,0,0,0,0,0,0,0,0,0,0,0,0
644,49009305710000,0,0,0,0,0,0,0,0,0,0,0,0,0,0,0
645,49009305730000,0,0,0,0,0,0,0,0,0,0,0,0,0,0,0
646,49009306640000,0,0,0,0,0,0,0,0,0,0,0,0,0,0,0
647,49009308700000,0,0,0,0,0,0,0,0,0,0,0,0,0,0,0
648,49009308710000,0,0,0,0,0,0,0,0,0,0,0,0,0,0,0
649,49009308770000,0,0,0,0,0,0,0,0,0,0,0,0,0,0,0
650,49009308780000,0,0,0,0,0,0,0,0,0,0,0,0,0,0,0
651,49009308790000,0,0,0,0,0,0,0,0,0,0,0,0,0,0,0
652,49009308810000,0,0,0,0,0,0,0,0,0,0,0,0,0,0,0
653,49009308820000,0,0,0,0,0,0,0,0,0,0,0,0,0,0,0
654,49009308890000,0,0,0,0,0,0,0,0,0,0,0,0,0,0,0
655,49009308950000,0,0,0,0,0,0,0,0,0,0,0,0,0,0,0
656,49009309260000,0,0,0,0,0,0,0,0,0,0,0,0,0,0,0
657,49009309290000,0,0,0,0,0,0,0,0,0,0,0,0,0,0,0
658,49009309340000,0,0,0,0,0,0,0,0,0,0,0,0,0,0,0
659,49009309410000,0,0,0,0,0,0,0,0,0,0,0,0,0,0,0
660,49009309420000,0,0,0,0,0,0,0,0,0,0,0,0,0,0,0
661,49009309780000,0,0,0,0,0,0,0,0,0,0,0,0,0,0,0
662,49009311260000,0,0,0,0,0,0,0,0,0,0,0,0,0,0,0
663,49009314600000,0,0,0,0,0,0,0,0,0,0,0,0,0,0,0
664,49009314610000,0,0,0,0,0,0,0,0,0,0,0,0,0,0,0
665,49009314620000,0,0,0,0,0,0,0,0,0,0,0,0,0,0,0
666,49009314630000,0,0,0,0,0,0,0,0,0,0,0,0,0,0,0
667,49009317510000,0,0,0,0,0,0,0,0,0,0,0,0,0,0,0
668,49009329030000,0,0,0,0,0,0,0,0,0,0,0,0,0,0,0
669,49009331840000,0,0,0,0,0,0,0,0,0,0,0,0,0,0,0
670,49009331850000,0,0,0,0,0,0,0,0,0,0,0,0,0,0,0
671,49009336580000,0,0,0,0,0,0,0,0,0,0,0,0,0,0,0
672,49009336720000,0,0,0,0,0,0,0,0,0,0,0,0,0,0,0
673,49009336730000,0,0,0,0,0,0,0,0,0,0,0,0,0,0,0
674,49009336750000,0,0,0,0,0,0,0,0,0,0,0,0,0,0,0
675,49009336760000,0,0,0,0,0,0,0,0,0,0,0,0,0,0,0
676,49009336960000,55284,82926,176186,394439,591458,13980,20970,46452,110429,168182,71598,107397,203486,371948,524020
677,49009338830000,0,0,0,0,0,0,0,0,0,0,0,0,0,0,0
678,49009340560000,0,0,0,0,0,0,0,0,0,0,0,0,0,0,0
679,49009340580000,0,0,0,0,0,0,0,0,0,0,0,0,0,0,0
680,49009352130000,0,0,0,0,0,0,0,0,0,0,0,0,0,0,0
681,49009352140000,89301,133952,267905,546382,1122274,23004,34506,69013,159288,500967,37213,55820,111640,218553,363289
